<?xml version="1.0" encoding="utf-8"?>
<extension type="component" version="2.5" method="upgrade">
	<name>com_content</name>
	<author>Joomla! Project</author>
	<creationDate>April 2006</creationDate>
	<copyright>(C) 2005 - 2013 Open Source Matters. All rights reserved.	</copyright>
	<license>GNU General Public License version 2 or later; see	LICENSE.txt</license>
	<authorEmail>admin@joomla.org</authorEmail>
	<authorUrl>www.joomla.org</authorUrl>
	<version>2.5.0</version>
	<description>COM_CONTENT_XML_DESCRIPTION</description>

	<files folder="site">
		<filename>content.php</filename>
		<filename>controller.php</filename>
		<filename>index.html</filename>
		<filename>router.php</filename>
		<folder>helpers</folder>
		<folder>models</folder>
	</files>
	<languages folder="site">
		<language tag="en-GB">language/en-GB.com_content.ini
		</language>
	</languages>
	<administration>
		<files folder="admin">
			<filename>access.xml</filename>
			<filename>config.xml</filename>
			<filename>content.php</filename>
			<filename>controller.php</filename>
			<filename>index.html</filename>
			<folder>controllers</folder>
			<folder>elements</folder>
			<folder>helpers</folder>
			<folder>models</folder>
			<folder>tables</folder>
			<folder>views</folder>
		</files>
		<languages folder="admin">
			<language tag="en-GB">language/en-GB.com_content.ini
			</language>
		</languages>
	</administration>
</extension>


